5b5cfd96-8c4c-41c2-8358-d1f604c48ce3,jus.tin89,approved,2025-06-05T03:29:59.057Z
cd7cbdaa-3111-4616-859d-4f59f9c635f2,directeagle1351,approved,2025-06-05T03:30:00.552Z
5ae28c24-17f6-4ec1-852a-c07d65074f6d,714_a.s,awaiting,2025-06-05T03:30:04.776Z
114d81e9-1d5f-4e7b-b631-b3ca8d6fa6f8,thismightberen,approved,2025-06-05T03:30:07.153Z
04946a54-bd49-4373-b1fd-d16d411e624a,dbzxlnc,awaiting,2025-06-05T03:30:09.239Z
95f4748c-9a8e-4553-bc49-8b6de33ee3e6,kadenwright02,approved,2025-06-05T03:30:09.916Z
d732345c-8999-4b80-965b-bb8500081ea6,brysonnn03333,approved,2025-06-05T03:30:15.626Z
e158ee65-18a4-41cc-b896-a6fa521da3f5,cmperez.5,approved,2025-06-05T03:30:20.609Z
b65959a8-0e9c-4faa-9985-cf6ea2e14cfe,noah_champ9,approved,2025-06-05T03:30:21.528Z
a41ad0ee-143a-4a14-b3d5-263c3ec9dfec,rexdadino,awaiting,2025-06-05T03:30:21.879Z
140b83a3-5262-4e92-92d8-c1221b66fd82,undiiviided_,awaiting,2025-06-05T03:30:22.289Z
dcc75b8a-01ac-44a7-a632-120b5fa6010f,lichemacrack,awaiting,2025-06-05T03:30:31.864Z
b6be8b64-3581-4691-b800-da8e2974bf03,carterbolio28,approved,2025-06-05T03:30:33.529Z
4fad2aaf-7afb-4cb5-8e74-e7528babdb98,theyhate.shane,awaiting,2025-06-05T03:30:35.194Z
6a8c9088-5c8e-4480-81ee-f89efccfacce,colewagner79,approved,2025-06-05T03:30:37.585Z
0f961591-9c4f-4c6c-b278-7dbff82ca854,txss_eli,awaiting,2025-06-05T03:30:39.123Z
84d42992-de4b-4b87-8c15-e74a41552dc0,jamendano8,awaiting,2025-06-05T03:30:42.378Z
48f703cb-9a38-4a26-851e-54f6be047c58,jaiden,rejected,2025-06-05T03:30:49.108Z
42ee9bbd-7ecd-40e3-b169-09f5fe743772,ykdevvv,approved,2025-06-05T03:30:49.550Z
34b97f6b-4ff0-4572-9017-44f58c047948,graypork75,awaiting,2025-06-05T03:30:53.956Z
a99c8aed-69f9-4e81-8e58-75006a0cb659,kareem.mus,awaiting,2025-06-05T03:31:01.265Z
0bdec9ac-e6d3-48ec-b63e-de3379b30674,omar_antoni07,approved,2025-06-05T03:31:01.741Z
9ad8758b-8fcc-49e4-86c0-78f4441d7130,ben.chambers1,approved,2025-06-05T03:31:04.202Z
0106fa5d-65a3-45a4-a663-9e7412916189,undividedd_,approved,2025-06-05T03:31:06.478Z
ebafa246-3d27-4485-b7b0-38e3531a384c,marc.steve,approved,2025-06-05T03:31:12.792Z
d810be80-0436-4f14-9f93-f84f284bbbe6,ccoz,approved,2025-06-05T03:31:40.509Z
ba514441-132c-443e-b16f-36552bd44c42,thelonelyz3y,awaiting,2025-06-05T03:31:47.231Z
d5a6fd03-a002-4ca4-939c-2d7009dcb8cb,jameron239@icloud.com,awaiting,2025-06-05T03:31:59.851Z
4d4683c2-4fe7-4c83-ac33-431040e10c13,boonskiontop2,awaiting,2025-06-05T03:32:02.921Z
9e67a51c-65be-4969-a5bc-9fb52327dd04,em_liftszz,approved,2025-06-05T03:32:18.665Z
f0dae403-9d8e-4487-8fd8-4911fda8bc06,txss_elii,approved,2025-06-05T03:33:02.568Z
8f2f2bc6-af30-4819-ba43-8954aa7aa828,tbh.isaque,awaiting,2025-06-05T03:33:36.593Z
6508a710-3a30-42ff-9b39-5ee21447eeab,maysamisnt.real,approved,2025-06-05T03:33:49.598Z
8d43ffee-df27-45ef-95de-678481cf2b4e,c_kempf16,approved,2025-06-05T03:34:10.891Z
259a1bc7-4f58-4f44-bf46-c844192ec4de,nathanmiller03,awaiting,2025-06-05T03:34:27.522Z
d8c3b180-0152-46db-9cfd-f225ba3f5a2f,baileyfitzzz,approved,2025-06-05T03:34:35.606Z
c80ff1f7-a4cb-47fa-ba0f-3e73b6bda9ba,zeneditz_w,awaiting,2025-06-05T03:34:49.447Z
1f536e91-f518-4df5-8912-aed2c4c443d9,jaiden.adleff,awaiting,2025-06-05T03:35:11.898Z
da108876-57b7-4ca4-8075-5dc06812062f,mikey11041,awaiting,2025-06-05T03:36:14.087Z
9b86ec38-c9ed-4539-b5d1-864ecc96a524,em_liftszzz,approved,2025-06-05T03:36:41.796Z
49e51ffb-6449-4c88-bbb1-7470e8935118,tacomuncher_696,approved,2025-06-05T03:38:14.396Z
db8b5142-c7f9-4e76-9ef5-a1428435da05,subzero_6_9,approved,2025-06-05T03:38:15.047Z
9dbf0790-05a7-466b-a039-ed5d710f1e13,andybooboobear,awaiting,2025-06-05T03:39:10.849Z
d1ead45d-aa42-4ed7-996a-c02d74860fce,3rimm,awaiting,2025-06-05T03:39:31.687Z
5020e84a-ccfb-4d0f-b443-19f9979e738e,juiceofacow,rejected,2025-06-05T03:40:43.905Z
b14d7667-e9ea-4f9c-aa3d-ab01d57f2d37,liljamesjohnjr,approved,2025-06-05T03:41:16.382Z
2410a731-e811-4b70-bcd0-720e6f8a3b3c,gavinocccc,approved,2025-06-05T03:41:23.287Z
33c3d91b-61df-40f0-9208-be6a06999b22,ayeluljay,awaiting,2025-06-05T03:41:35.816Z
55233fef-86fb-4864-971f-8863143d76ab,jakematv,awaiting,2025-06-05T03:41:48.220Z
e92fb88f-6f96-4d99-84bc-3b0095e5f607,mk7.conner,approved,2025-06-05T03:41:49.521Z
2b0a0732-cb9d-4434-8710-76683da768b2,lilsavageboii21,awaiting,2025-06-05T03:42:05.300Z
1875a884-4a20-4796-8f0c-322b9ec373df,theonevee,approved,2025-06-05T03:45:37.454Z
9098cad6-7f2f-48a0-81e4-be8501786101,berry._.allan,approved,2025-06-05T03:45:43.265Z
db80e8ac-d503-4405-a3ec-2145327244a9,cceorichy,awaiting,2025-06-05T03:50:02.994Z
ef7f6870-b8a9-4c77-ae71-0aac2ed4e283,gmangaming111,approved,2025-06-05T03:51:06.107Z
3c04a8c2-ba12-4e76-bfcc-caa5a329e259,apheorue,approved,2025-06-05T03:52:13.354Z
030db902-bfdb-4bb4-a572-c9e8424c4afb,natalie_reisner,awaiting,2025-06-05T03:52:26.873Z
661204f3-8438-4432-8f37-731b29ff1e9d,monke_is_gude,approved,2025-06-05T03:52:48.390Z
331cce7f-f4c7-48c6-a2c2-713aa62e9d60,micahst11,approved,2025-06-05T03:53:14.937Z
3b37c008-7086-421a-aba6-1a1eee1b8c1d,neilan.grimes,awaiting,2025-06-05T03:53:40.165Z
63e1899f-73ab-4ea7-803c-93e10b9753f6,watington123,approved,2025-06-05T03:55:54.826Z
33dda947-ddc8-4f71-afaf-08831ae580da,lalos.wrld,approved,2025-06-05T03:56:34.881Z
e112cddb-d208-4be5-b91b-0de0ffa97db8,randy morabal,approved,2025-06-05T03:57:30.339Z
436fba80-2bd9-4018-be59-651ac45435e8,mi.keyexe,approved,2025-06-05T03:58:15.640Z
a2020d6a-c24b-4081-8d8b-fce36e95d1ff,lalolwky,approved,2025-06-05T03:58:44.580Z
16023c44-c4e9-453f-b3bd-3531b3acd735,bellamissyzz,approved,2025-06-05T03:58:51.789Z
96992c94-a3eb-4638-928e-9a3248a5cb1c,_cadenwilliams,approved,2025-06-05T03:58:52.996Z
11503527-f54b-4440-b706-0eb7f63e4dbc,emanuel806901,awaiting,2025-06-05T03:59:38.220Z
d79a9122-5f5e-458e-b684-f9ac9fd7aab7,imilby1995,awaiting,2025-06-05T04:01:25.570Z
2ac25de3-a41c-4de8-b852-56f153a85c1d,yikthesisboi,approved,2025-06-05T04:05:28.897Z
0c0729af-3d11-4eef-a08f-0d2e1d964234,antonio_c0924,awaiting,2025-06-05T04:06:14.701Z
f4560951-a226-4201-927c-5c4b88946ac3,matiias_142,approved,2025-06-05T04:06:41.547Z
0532b83c-1bc3-47e1-82b3-e74f86c9725d,jaquaviwavi.curry,approved,2025-06-05T04:06:47.386Z
db954378-c184-4424-b6da-6a9a50a37c34,_alex__miller_,approved,2025-06-05T04:07:15.002Z
af3a5457-76ba-4c35-92f7-912f439b4ac2,compachinotl,awaiting,2025-06-05T04:07:59.530Z
efe0e46a-1ef8-4761-967d-a6f656e2bf60,randy mirabal,approved,2025-06-05T04:08:22.904Z
7e7c7e10-bab9-4af8-be55-e1129824455a,lucasrfransisco,approved,2025-06-05T04:08:34.744Z
c36335b7-2021-43cf-a772-9e778e180698,ekaan_randomnumbers,approved,2025-06-05T04:09:20.024Z
65ef6dc3-17ac-4dc1-91ac-7ba85307c09c,livan2o9,approved,2025-06-05T04:10:19.393Z
11ceb09a-4273-4a4d-a23e-79f9b45c8cc2,nklv89,approved,2025-06-05T04:11:54.941Z
59d7f454-9c6c-43db-bd98-5d38567b8ed3,delulu__ofc,approved,2025-06-05T04:14:10.192Z
e6447476-256d-4025-942f-ccc475fb64af,dilly_da.pickle,approved,2025-06-05T04:14:59.763Z
5beed33f-6434-482a-bd39-5f98c9920403,jeffbotnoob,approved,2025-06-05T04:15:02.753Z
62e93832-0372-4f1e-a67d-a122b33c52f9,spitfire9,approved,2025-06-05T04:15:10.964Z
fad45a19-16ce-42f0-8f75-983fc39fe63c,jujuy815,approved,2025-06-05T04:16:14.954Z
0fc18339-0f35-4848-a5ba-d681b8a3d74f,maten,awaiting,2025-06-05T04:17:08.667Z
75607ce8-31a7-42e6-a9e0-a23e29097d71,alex,rejected,2025-06-05T04:19:33.267Z
8fce16e9-7218-4eba-b102-b34ecf134050,tiktokmusictabs,approved,2025-06-05T04:20:15.407Z
48146e72-c78d-4331-ad21-10f5fe2569fd,xiontaz,awaiting,2025-06-05T04:20:30.014Z
ecf29c34-8f70-4ead-86ed-988184dc8e12,mattnagler,approved,2025-06-05T04:22:37.246Z
cc65cd45-e5d9-4219-a727-4b9652ef0906,crazy_lalo,awaiting,2025-06-05T04:23:07.884Z
f48a9a43-bb81-4899-a3c6-b9e5a6e34aee,_drake.huntsman_,approved,2025-06-05T04:23:16.084Z
1095a797-21c0-4edf-b890-2bcf03350348,bdm_mason,approved,2025-06-05T04:23:29.348Z
d5dfe7fb-7d21-4366-8f1f-ca4dae06fbf5,xojoshhh,approved,2025-06-05T04:23:45.499Z
3261fbdb-9de4-4b06-98b4-1205d51c803b,_.pookierookie._,approved,2025-06-05T04:29:02.667Z
7b916ef6-00cd-4487-b850-589d28759429,davidransom12,approved,2025-06-05T04:30:15.233Z
5a08f0f9-bbd2-4ee3-8abe-aec5aeaeddb7,carwasnothere,approved,2025-06-05T04:30:26.624Z
9c8a6db2-9dbf-45da-81e3-ea1335e60dc2,ty ramberg,approved,2025-06-05T04:30:40.048Z
65fb1f0b-6867-4ca1-976d-a68562a6e930,$,rejected,2025-06-05T04:36:31.988Z
8afdc0c7-49be-448e-a7c5-c75dbe72d746,onetonpotato,approved,2025-06-05T04:37:24.257Z
60fa12d9-d493-4ac8-963f-6f38abd9725c,bryson_p07,approved,2025-06-05T04:37:30.808Z
26dcbfb1-97aa-4699-9f71-28f61185cc3e,jxrxbr,approved,2025-06-05T04:39:49.865Z
fad08556-60ab-4cb0-8457-057a22583a63,jtðŸ‘‘,awaiting,2025-06-05T04:40:21.725Z
1a29a104-0a5c-4fcb-99d4-1b264a55dad7,austinkitces,approved,2025-06-05T04:40:29.385Z
dff9a4b9-493b-43c0-9505-7e81a0770c3d,d.664654,awaiting,2025-06-05T04:40:46.316Z
d95ce710-4e76-4b70-832c-6272fe054d48,gael.gaughan,approved,2025-06-05T04:41:09.218Z
09fbf681-93c7-4b2b-b565-da13bc478412,robbie.sk0,approved,2025-06-05T04:41:51.489Z
2174be17-2745-46b3-8123-6dbec74a3279,7.marlon.8,awaiting,2025-06-05T04:43:27.564Z
4af365a6-f23e-4f32-bcb4-b1515d99eac8,who.knows.edi,awaiting,2025-06-05T04:45:22.504Z
fcea16cd-be41-4dae-b5d2-2cc29eba305d,nickbutworse,awaiting,2025-06-05T04:46:08.696Z
33106c4b-a03c-464c-b89d-2efb2ec162e4,hgr0599,approved,2025-06-05T04:51:53.953Z
30761b48-21c2-483e-92a3-7cf2ba4e38c8,evanprov,approved,2025-06-05T05:18:45.338Z
cbfc019c-a101-4726-bcb7-60b46d47f2cc,kevonobody,approved,2025-06-05T05:48:38.193Z
ceea6c74-99f2-450a-bdb2-d9e8cb60b7ef,user3mr1234,awaiting,2025-06-05T05:55:25.699Z
54c13e6b-b8cf-49bf-88c4-a940dfe05652,messageoftheday24,approved,2025-06-05T06:13:23.718Z
e9ac1a27-a4c5-4f98-a049-2f201343e058,jitz_7,approved,2025-06-05T06:15:18.970Z
b8efbc4c-a510-40c4-af25-92a15a6fa6b9,bryanrodrig28,approved,2025-06-05T06:22:28.320Z
8a7e8eaf-e7b9-4258-bdc8-70fc2d68cb53,davidbricksom,approved,2025-06-05T08:09:10.855Z
a97b61b4-4fb4-4862-a881-05b0ddb0c0d5,l.anthony.l,approved,2025-06-05T09:48:31.941Z
3f64f389-e20c-41ee-8ce2-95105bbd2e56,milesdonovan7,approved,2025-06-05T11:28:53.865Z
2e459164-5b76-4df3-b811-508a819ebb3d,strothern,approved,2025-06-05T12:14:43.550Z
d9bcacc6-e03f-4920-aaaa-6c26d9eb69c8,nolanj_6 on instagram,approved,2025-06-05T12:18:35.958Z
d1298c02-7e34-48ac-b9f2-c394e5bb0fe7,iâ€™m,approved,2025-06-05T13:04:22.565Z
2b28a7c7-3cef-4b90-aa6a-3ea5e62a82c0,user163e13,approved,2025-06-05T13:34:26.301Z
52e47ccd-e72f-4f71-83b9-8ab326a2cfc5,javan lo,awaiting,2025-06-05T13:37:09.797Z
e0e0bdad-405c-41d7-a929-43c2c8905aca,adamberman,awaiting,2025-06-05T14:37:20.223Z
98ec2a7f-376c-454e-ad7e-a57623eb2e64,lokilol,awaiting,2025-06-05T17:14:14.930Z
f4577467-f698-4baa-a15b-1e7eda64360f,fercho_po5,awaiting,2025-06-05T17:23:08.655Z
c27dfc10-e866-405f-bb9e-65f28a260563,jonah2bell,awaiting,2025-06-05T17:26:27.586Z
89dde652-df37-40d2-af22-c77d8570a556,yeetyebella,awaiting,2025-06-05T18:14:15.525Z
5e0e2590-d406-43f4-837f-55ba7d730ab9,nothing,awaiting,2025-06-05T18:43:35.376Z
601380a9-2d5c-4ce6-8a9c-868bc9ec6f48,please,awaiting,2025-06-05T19:38:59.723Z
7332a48f-07c0-4b6d-8355-8232e7c5ae41,ssingh_sanika,awaiting,2025-06-05T19:59:28.510Z
f598dbc8-ecf4-4181-8aaf-9e1eefb11a37,gordon,awaiting,2025-06-05T20:14:24.295Z
556c40b6-32d0-4b5b-bdfe-bb30c5b10892,gordon_kopmeyer,awaiting,2025-06-05T20:20:38.439Z
574e4921-816d-4dda-85ae-c29d04b3572a,john_c325,approved,2025-06-05T20:24:29.076Z
df7126d6-58a8-4fa4-b7e0-1ece7b005f04,aep.hollow,awaiting,2025-06-05T21:08:32.993Z
27a19ca8-100f-4b22-b42e-d5c3c6a39cd6,autizmodizmo,awaiting,2025-06-05T23:46:12.890Z
c3a5cf98-35ce-4e52-8d95-b21be1a0c7ee,calebzaa,awaiting,2025-06-06T02:21:30.244Z
bfacb612-58ef-4527-b488-592286e4a5fb,beanbrouli,awaiting,2025-06-06T02:56:04.346Z
6a13e7aa-f42d-483a-8f6d-2757d0c0eace,monkeyman77604,approved,2025-06-06T02:57:38.268Z
55a3089d-63a1-4f46-95b0-b7a7ed4f9ff4,v.3ronica,awaiting,2025-06-06T02:57:51.193Z
a6f4d089-909f-46af-bf88-1953e49dc741,baird,approved,2025-06-06T02:57:52.671Z
7df31251-af80-4cac-9750-a8f26aa47e64,raw.milk.consumer,awaiting,2025-06-06T02:58:21.998Z
de5467c9-b64e-481f-a4d8-322d9204ab41,warmerdrip,awaiting,2025-06-06T02:58:29.520Z
ac5042db-1191-4b1a-9c15-9bdd8d3a1b0f,duvall9669,approved,2025-06-06T02:58:44.918Z
b918229d-790f-4e89-8ba5-b02e83750c37,jett,approved,2025-06-06T02:59:24.184Z
2c4e9dc6-0c53-4295-9768-779eacf74075,teiisu,approved,2025-06-06T02:59:47.474Z
c96d44fc-7d87-47ac-b2e9-011788cbfca3,pisxy,awaiting,2025-06-06T03:00:14.489Z
8a287e7b-669b-4b52-95e0-884d3190974e,luis_v707,approved,2025-06-06T03:00:35.989Z
44ae41c9-8860-4b1e-b363-e0bf6293e71c,jett_like_that556,approved,2025-06-06T03:00:37.774Z
5dd582fd-5e3f-4c13-9ab9-fc50455cb19e,secretlifeofharlem,approved,2025-06-06T03:04:09.373Z
734df7b9-35e1-485b-bdf3-d9dc99d555f8,bingbong_mcgee,approved,2025-06-06T03:04:15.763Z
3e0a9f69-1268-44c1-bbe7-9a131c4d981f,headdie,approved,2025-06-06T03:05:01.333Z
03c40b82-fdda-43d8-af67-8170aded77f1,slimeyalpaca,approved,2025-06-06T03:05:09.958Z
53fc3676-d144-414f-88c0-400434fc0e1d,_.dizzle._._._._________,approved,2025-06-06T03:06:27.722Z
ed0f8636-bf17-47ac-b735-fc27e26af627,loyaltyeric,approved,2025-06-06T03:06:37.532Z
b461cd7a-cc74-463c-b62d-dd0fdede6317,milo likes men,approved,2025-06-06T03:07:37.805Z
6ec99a3c-94ef-421e-81b3-28e562296e9d,diego_the_dino_4224,approved,2025-06-06T03:08:05.226Z
43cfb981-4a3d-4936-b534-c208d7b1b634,mooseman,approved,2025-06-06T03:09:13.407Z
e36e2a65-f7c4-4276-b586-e2ec26cd21a5,baseballsnacks1003,approved,2025-06-06T03:09:15.747Z
48f34bc9-fec4-4a7e-b236-62cdc9d9cba3,guccimansam,approved,2025-06-06T03:11:45.398Z
7e74d8f1-3399-4e02-ad01-e5f34d60f63a,imsomoist,approved,2025-06-06T03:12:24.693Z
1b4001da-52d2-42d9-8faa-7de0f73d4b08,put4madr3verg4,approved,2025-06-06T03:23:11.110Z
156803c4-a7bc-4d3e-94a7-db7abb2eeafc,fno_connor,approved,2025-06-06T03:23:40.273Z
eec8f483-26be-4f44-8959-8806de45c17c,hxmiej,approved,2025-06-06T03:24:20.318Z
310e0380-7f4c-45ae-8f1f-682112bdccc0,deceassd,awaiting,2025-06-06T03:26:25.124Z
e63b59df-8ac1-4ba4-9ab4-5fcf2df9d33f,dior,approved,2025-06-06T03:28:23.706Z
47f9942a-97c8-4037-8a81-68c0c2ebca72,goose,awaiting,2025-06-06T03:28:29.435Z
ba9942e7-94a1-4054-8a4c-632d9926a648,evan_burgr,approved,2025-06-06T03:29:30.270Z
ae2befce-bce9-4ddb-a3a3-249e56c0ecad,sonicsegalover675,approved,2025-06-06T03:30:18.544Z
c9bac7ac-c911-48ad-8ace-12ff837ea314,batemir36@gmail.com,awaiting,2025-06-06T03:30:27.381Z
b40db0e4-cfda-4636-a213-4c6347949169,jake487206,approved,2025-06-06T03:34:57.038Z
6996d30d-33b2-48c6-bd65-7d95f292b119,seaclapz,approved,2025-06-06T03:35:21.288Z
93c0821f-9e64-4790-adf6-834574fdb758,myhnamejeff,awaiting,2025-06-06T03:36:29.095Z
5bc9f437-2b43-4935-85ca-df8eb4eb6c93,bluebeserk,approved,2025-06-06T03:37:04.475Z
1fdc5211-2923-428d-9fcd-2aea78eacd49,lukasrinaldi_22,approved,2025-06-06T03:37:39.442Z
200c16de-0bab-4cb5-a3c5-a0907bb2e77c,paradoxlovemangos143,approved,2025-06-06T03:37:42.908Z
23408eda-9768-4034-891b-213f1a8eec18,juan115710,approved,2025-06-06T03:38:43.158Z
8f9538eb-30d0-45a8-9e01-1af187ba1ed0,_sydknee1,approved,2025-06-06T03:38:51.510Z
0e3cbe98-d00b-4cb9-8a87-2e96682579f8,h,awaiting,2025-06-06T03:38:54.094Z
926eb608-a583-47ac-b93e-5dc9ca37c86d,moran.caden89,approved,2025-06-06T03:39:18.548Z
51cbf0c4-668f-498c-869a-3eec6f5f2c9c,jackson.mcclain,approved,2025-06-06T03:41:44.784Z
0af73d03-1cfe-4ade-97cf-46b2b92f48cb,jxy.03,approved,2025-06-06T03:42:21.694Z
ce91159c-5ddb-49e8-b06a-f179b7392108,0nly4nt,approved,2025-06-06T03:42:55.821Z
f10ef6d2-428c-4020-b222-794c7119e133,hunter_fromdaraq,approved,2025-06-06T03:45:18.221Z
38d58b16-2175-4dbd-adb1-962322494efb,gordon.kopmeyer,approved,2025-06-06T03:46:06.175Z
f04854a9-6b51-4d23-bddf-9fa686990101,frankherkert,approved,2025-06-06T03:48:31.938Z
3d542b89-5e16-4583-936e-b16a920814d6,jay,awaiting,2025-06-06T03:48:59.752Z
52ffe3d8-6db5-4fc5-bc87-36924b0ad283,littlenuvo,approved,2025-06-06T03:49:36.167Z
3720a609-d2ea-4bd0-b2cb-2719d092f283,djmazaa,awaiting,2025-06-06T03:51:16.467Z
dcb55233-9751-49cb-a9e0-18e0fc6b7f7b,cactusjax8,approved,2025-06-06T03:51:58.101Z
d31cd850-381e-42bf-a738-409ff5940d3b,lagueritaamonse3,approved,2025-06-06T03:53:50.445Z
73822abe-030f-453f-8c11-14fdbd18deea,cardofrr,approved,2025-06-06T03:55:19.801Z
7d6ea79f-daf7-4a3a-81f4-7bc3641d9821,89012,awaiting,2025-06-06T03:57:39.968Z
23ff3d7e-7449-4bfa-adef-8081e0f21014,_kerrysima_,awaiting,2025-06-06T03:58:09.150Z
1848d680-d2dd-4398-b1ee-63dda59893a6,brand0n385,approved,2025-06-06T03:59:34.781Z
07faa91a-f84a-4776-b80e-bac042faaa43,chino_stakxs,awaiting,2025-06-06T04:03:20.705Z
f6b1d856-84de-43e2-980b-ed1aa18dea0d,mamas_mv_vids0828,approved,2025-06-06T04:07:46.268Z
c414f353-cc19-4180-bd79-a7d6f3204541,aidan.seink,approved,2025-06-06T04:11:26.601Z
56f52d2f-9ca4-4a1d-b2f7-fa3a0ca16fe2,lanesplitb,approved,2025-06-06T04:12:03.248Z
50af28b8-eac9-4fc3-b055-a65df80befa9,rocco.cicatiello,approved,2025-06-06T04:13:53.230Z
3d9e6929-5ed4-4288-b412-c9381194aef5,whyisjakontiktok,awaiting,2025-06-06T04:14:22.488Z
2f5b7134-66cb-4bea-a75a-b591746312a9,ape4622,approved,2025-06-06T04:15:38.330Z
1cd80136-6080-40f0-a246-8b6c0d4f3b69,etho12345,approved,2025-06-06T04:16:54.141Z
7700cd77-43b3-449d-a075-6e7e7ff0ee6a,devonh_05,awaiting,2025-06-06T04:18:36.767Z
94795cbe-0563-4bb3-a4e2-d92d7cd3921e,officialevanshea,approved,2025-06-06T04:20:33.676Z
e4ce39a0-c20e-45ac-8447-85f0517b19db,testbetajaxfloyd,approved,2025-06-06T04:21:13.017Z
340f3095-27ae-4abd-a9f7-f6d1d2017693,calledwhenneeded,awaiting,2025-06-06T04:28:00.337Z
426e9094-d462-4e13-b332-01b4540df8f7,johnnyojeda3,approved,2025-06-06T04:28:22.850Z
5513c0bf-2bc6-4f48-a45a-affd1fbf2262,i.luv.ramblin,awaiting,2025-06-06T04:28:26.221Z
6c5a810b-8a05-4582-a415-4cf7a6b17783,3500_ssg,awaiting,2025-06-06T04:30:20.800Z
a9aec565-f79d-474c-91ab-9c7eced9de59,colthawthorne15,awaiting,2025-06-06T04:34:05.905Z
a800d0be-e500-48ee-a1d4-b9f77f2796ff,chonkster,approved,2025-06-06T04:37:23.902Z
735d8d22-b7e1-44ec-aa8e-4bde8da4869a,dnszer,approved,2025-06-06T04:37:32.947Z
f8d4cd60-7e9e-4e3d-a859-eaae7bc8f76f,eggzbendecit,awaiting,2025-06-06T04:39:11.651Z
80c82885-b1c8-458f-96da-42ef5bb8d348,waelo246,approved,2025-06-06T04:43:48.777Z
ffa76a10-c427-433d-af42-f5e58084a836,.shrektheogre,approved,2025-06-06T04:53:37.877Z
5af989b3-251e-4ed7-b041-85d0329fcdb0,ya_boi_sebass,awaiting,2025-06-06T06:59:46.126Z
b9dc20f9-18a7-4b93-b45c-ff7180eafdfc,tiago,awaiting,2025-06-06T07:15:02.628Z
